firstname,lastname,username,email,streetaddress,city,zipcode,state,country,department,password,telephone,company,ou
Lakisha,Dennis,Ldennis,Ldennis@comp2017.local,2740 Liberty Street,Dallas,75202,TX,US,Managers,Password01,214-800-4811,comp2017-#### Corporation,"OU=Managers,DC=comp2017-####,DC=local"
Colin,Hunt,Chunt,Chunt@comp2017.local,123 Fron St. W,Toronto,M5J 2M2,ON,CA,Managers,Password01,416-123-1234,comp2017-#### Corporation,"OU=Managers,DC=comp2017-####,DC=local"
Hanz,Bond,Hbond,Hbond@comp2017.local,2740 Liberty Street,Dallas,75202,TX,US,Marketing,Password01,214-800-4813,comp2017-#### Corporation,"OU=Marketing,DC=comp2017-####,DC=local"
Kaely,Zorgel,Kzorgel,Kzorgel@comp2017.local,123 Fron St. W,Toronto,75202,ON,US,Marketing,Password01,416-123-1234,comp2017-#### Corporation,"OU=Marketing,DC=comp2017-####,DC=local"
Kent,Wilson,Kwilson,Kwilson@comp2017.local,2740 Liberty Street,Dallas,75202,TX,US,Research,Password01,214-800-4815,comp2017-#### Corporation,"OU=Research,DC=comp2017-####,DC=local"
Scott,Preuss,Spreuss,Spreuss@comp2017.local,2740 Liberty Street,Dallas,75202,TX,US,Research,Password01,214-800-4816,comp2017-#### Corporation,"OU=Research,DC=comp2017-####,DC=local"
Adam,Hobbs,Ahobbs,Ahobbs@comp2017.local,2740 Liberty Street,Dallas,75202,TX,US,Research,Password01,214-800-4816,comp2017-#### Corporation,"OU=Research,DC=comp2017-####,DC=local"
Kate,Yorke,Kyorke,Kyorke@comp2017.local,2740 Liberty Street,Dallas,75202,TX,US,IT,Password01,214-800-4817,comp2017-#### Corporation,"OU=IT,DC=comp2017-####,DC=local"
Kaitlan,Ing,King,King@comp2017.local,2740 Liberty Street,Dallas,75202,TX,US,IT,Password01,214-800-4818,comp2017-#### Corporation,"OU=IT,DC=comp2017-####,DC=local"
Chris,Starling,Cstarling,Cstarling@comp2017.local,123 Fron St. W,Toronto,M5J 2M2,ON,CA,IT,Password01,416-123-1234,comp2017-#### Corporation,"OU=IT,DC=comp2017-####,DC=local"
Beth,Burke,Bburke,Bburke@comp2017.local,123 Fron St. W,Toronto,M5J 2M2,ON,CA,IT,Password01,416-123-1234,comp2017-#### Corporation,"OU=IT,DC=comp2017-####,DC=local"
Abbie,Parsons,Aparsons,Aparsons@comp2017.local,123 Fron St. W,Toronto,M5J 2M2,ON,CA,Sales,Password01,416-123-1234,comp2017-#### Corporation,"OU=Sales,DC=comp2017-####,DC=local"
Adeline,Snyder,Asnyder,Asnyder@comp2017.local,123 Fron St. W,Toronto,M5J 2M2,ON,CA,Sales,Password01,416-123-1234,comp2017-#### Corporation,"OU=Sales,DC=comp2017-####,DC=local"
Agris,Auzins,Aauzins,Aauzins@comp2017.local,123 Fron St. W,Toronto,M5J 2M2,ON,CA,Sales,Password01,416-123-1234,comp2017-#### Corporation,"OU=Sales,DC=comp2017-####,DC=local"
Alfie,Power,Apower,Apower@comp2017.local,123 Fron St. W,Toronto,M5J 2M2,ON,CA,Sales,Password01,416-123-1234,comp2017-#### Corporation,"OU=Sales,DC=comp2017-####,DC=local"
Allan,Yoo,Ayoo,Ayoo@comp2017.local,123 Fron St. W,Toronto,M5J 2M2,ON,CA,Sales,Password01,416-123-1234,comp2017-#### Corporation,"OU=Sales,DC=comp2017-####,DC=local"
Amelie,Gamer,Agamer,Agamer@comp2017.local,123 Fron St. W,Toronto,M5J 2M2,ON,CA,Sales,Password01,416-123-1234,comp2017-#### Corporation,"OU=Sales,DC=comp2017-####,DC=local"
Andrewjs,Rozitis,Arozitis,Arozitis@comp2017.local,123 Fron St. W,Toronto,M5J 2M2,ON,CA,Sales,Password01,416-123-1234,comp2017-#### Corporation,"OU=Sales,DC=comp2017-####,DC=local"
Angelica,Gardner,Agardner,Agardner@comp2017.local,123 Fron St. W,Toronto,M5J 2M2,ON,CA,Sales,Password01,416-123-1234,comp2017-#### Corporation,"OU=Sales,DC=comp2017-####,DC=local"
Bradford,Perea,Bperea,Bperea@comp2017.local,123 Fron St. W,Toronto,M5J 2M2,ON,CA,Sales,Password01,416-123-1234,comp2017-#### Corporation,"OU=Sales,DC=comp2017-####,DC=local"
Brigita,Krastina,Bkrastina,Bkrastina@comp2017.local,2740 Liberty Street,Dallas,75202,TX,US,Sales,Password01,214-800-4828,comp2017-#### Corporation,"OU=Sales,DC=comp2017-####,DC=local"
Carmella,Church,Cchurch,Cchurch@comp2017.local,2740 Liberty Street,Dallas,75202,TX,US,Sales,Password01,214-800-4829,comp2017-#### Corporation,"OU=Sales,DC=comp2017-####,DC=local"
Deana,Frank,Dfrank,Dfrank@comp2017.local,2740 Liberty Street,Dallas,75202,TX,US,Sales,Password01,214-800-4830,comp2017-#### Corporation,"OU=Sales,DC=comp2017-####,DC=local"
Demetrius,Trudeau,Dtrudeau,Dtrudeau@comp2017.local,2740 Liberty Street,Dallas,75202,TX,US,Sales,Password01,214-800-4831,comp2017-#### Corporation,"OU=Sales,DC=comp2017-####,DC=local"
Dita,Balode,Dbalode,Dbalode@comp2017.local,2740 Liberty Street,Dallas,75202,TX,US,Sales,Password01,214-800-4832,comp2017-#### Corporation,"OU=Sales,DC=comp2017-####,DC=local"
Dixie,Ferrell,Dferrell,Dferrell@comp2017.local,2740 Liberty Street,Dallas,75202,TX,US,Sales,Password01,214-800-4833,comp2017-#### Corporation,"OU=Sales,DC=comp2017-####,DC=local"
Dora,Martinez,Dmartinez,Dmartinez@comp2017.local,2740 Liberty Street,Dallas,75202,TX,US,Sales,Password01,214-800-4834,comp2017-#### Corporation,"OU=Sales,DC=comp2017-####,DC=local"
Ellen,Holloway,Eholloway,Eholloway@comp2017.local,2740 Liberty Street,Dallas,75202,TX,US,Sales,Password01,214-800-4835,comp2017-#### Corporation,"OU=Sales,DC=comp2017-####,DC=local"
Erin,Bull,Ebull,Ebull@comp2017.local,2740 Liberty Street,Dallas,75202,TX,US,Sales,Password01,214-800-4836,comp2017-#### Corporation,"OU=Sales,DC=comp2017-####,DC=local"
Ethan,Baxter,Ebaxter,Ebaxter@comp2017.local,2740 Liberty Street,Dallas,75202,TX,US,Sales,Password01,214-800-4837,comp2017-#### Corporation,"OU=Sales,DC=comp2017-####,DC=local"
Evan,Norman,Enorman,Enorman@comp2017.local,2740 Liberty Street,Dallas,75202,TX,US,Sales,Password01,214-800-4838,comp2017-#### Corporation,"OU=Sales,DC=comp2017-####,DC=local"
Fay,Gibbs,Fgibbs,Fgibbs@comp2017.local,2740 Liberty Street,Dallas,75202,TX,US,Sales,Password01,214-800-4839,comp2017-#### Corporation,"OU=Sales,DC=comp2017-####,DC=local"
Felicia,Carr,Fcarr,Fcarr@comp2017.local,2740 Liberty Street,Dallas,75202,TX,US,Sales,Password01,214-800-4840,comp2017-#### Corporation,"OU=Sales,DC=comp2017-####,DC=local"
Frank,Ellenbroek,Fellenbroek,Fellenbroek@comp2017.local,2740 Liberty Street,Dallas,75202,TX,US,Sales,Password01,214-800-4841,comp2017-#### Corporation,"OU=Sales,DC=comp2017-####,DC=local"
Franklin,Steadman,Fsteadman,Fsteadman@comp2017.local,2740 Liberty Street,Dallas,75202,TX,US,Sales,Password01,214-800-4842,comp2017-#### Corporation,"OU=Sales,DC=comp2017-####,DC=local"
Grigorijs,Kaneps,Gkaneps,Gkaneps@comp2017.local,2740 Liberty Street,Dallas,75202,TX,US,Sales,Password01,214-800-4843,comp2017-#### Corporation,"OU=Sales,DC=comp2017-####,DC=local"
Hai,Chu,Hchu,Hchu@comp2017.local,2740 Liberty Street,Dallas,75202,TX,US,Sales,Password01,214-800-4844,comp2017-#### Corporation,"OU=Sales,DC=comp2017-####,DC=local"
Jackie,Walsh,Jwalsh,Jwalsh@comp2017.local,2740 Liberty Street,Dallas,75202,TX,US,Sales,Password01,214-800-4845,comp2017-#### Corporation,"OU=Sales,DC=comp2017-####,DC=local"
Jay,Perkins,Jperkins,Jperkins@comp2017.local,2740 Liberty Street,Dallas,75202,TX,US,Sales,Password01,214-800-4846,comp2017-#### Corporation,"OU=Sales,DC=comp2017-####,DC=local"
Jeannette,Valentine,Jvalentine,Jvalentine@comp2017.local,2740 Liberty Street,Dallas,75202,TX,US,Sales,Password01,214-800-4847,comp2017-#### Corporation,"OU=Sales,DC=comp2017-####,DC=local"
Jenny,McPherson,Jmcpherson,Jmcpherson@comp2017.local,2740 Liberty Street,Dallas,75202,TX,US,Sales,Password01,214-800-4848,comp2017-#### Corporation,"OU=Sales,DC=comp2017-####,DC=local"
Jessie,Richardson,Jrichardson,Jrichardson@comp2017.local,2740 Liberty Street,Dallas,75202,TX,US,Sales,Password01,214-800-4849,comp2017-#### Corporation,"OU=Sales,DC=comp2017-####,DC=local"
Julia,Revins,Jrevins,Jrevins@comp2017.local,2740 Liberty Street,Dallas,75202,TX,US,Sales,Password01,214-800-4850,comp2017-#### Corporation,"OU=Sales,DC=comp2017-####,DC=local"
